Size,vC,Memory,Network Bandwidth
Standard_F1ads_v7,1,4,16000
Standard_F2ads_v7,2,8,16000
Standard_F4ads_v7,4,16,25000
Standard_F8ads_v7,8,32,25000
Standard_F16ads_v7,16,64,25000
Standard_F32ads_v7,32,128,45000
Standard_F48ads_v7,48,192,70000
Standard_F64ads_v7,64,256,75000
Standard_F80ads_v7,80,320,80000
Standard_F1alds_v7,1,2,16000
Standard_F2alds_v7,2,4,16000
Standard_F4alds_v7,4,8,25000
Standard_F8alds_v7,8,16,25000
Standard_F16alds_v7,16,32,25000
Standard_F32alds_v7,32,64,45000
Standard_F48alds_v7,48,96,70000
Standard_F64alds_v7,64,128,75000
Standard_F80alds_v7,80,160,80000
Standard_F2als_v6,2,4,12500
Standard_F4als_v6,4,8,12500
Standard_F8als_v6,8,16,12500
Standard_F16als_v6,16,32,16000
Standard_F32als_v6,32,64,20000
Standard_F48als_v6,48,96,28000
Standard_F64als_v6,64,128,36000
Standard_F1als_v7,1,2,16000
Standard_F2als_v7,2,4,16000
Standard_F4als_v7,4,8,25000
Standard_F8als_v7,8,16,25000
Standard_F16als_v7,16,32,25000
Standard_F32als_v7,32,64,45000
Standard_F48als_v7,48,96,70000
Standard_F64als_v7,64,128,75000
Standard_F80als_v7,80,160,80000
Standard_F1amds_v7,1,8,16000
Standard_F2amds_v7,2,16,16000
Standard_F4amds_v7,4,32,25000
Standard_F8amds_v7,8,64,25000
Standard_F16amds_v7,16,128,25000
Standard_F32amds_v7,32,256,45000
Standard_F48amds_v7,48,384,70000
Standard_F64amds_v7,64,512,75000
Standard_F80amds_v7,80,640,80000
Standard_F2ams_v6,2,16,12500
Standard_F4ams_v6,4,32,12500
Standard_F8ams_v6,8,64,12500
Standard_F16ams_v6,16,128,16000
Standard_F32ams_v6,32,256,20000
Standard_F48ams_v6,48,384,28000
Standard_F64ams_v6,64,512,36000
Standard_F1ams_v7,1,8,16000
Standard_F2ams_v7,2,16,16000
Standard_F4ams_v7,4,32,25000
Standard_F8ams_v7,8,64,25000
Standard_F16ams_v7,16,128,25000
Standard_F32ams_v7,32,256,45000
Standard_F48ams_v7,48,384,70000
Standard_F64ams_v7,64,512,75000
Standard_F80ams_v7,80,640,80000
Standard_F2as_v6,2,8,12500
Standard_F4as_v6,4,16,12500
Standard_F8as_v6,8,32,12500
Standard_F16as_v6,16,64,16000
Standard_F32as_v6,32,128,20000
Standard_F48as_v6,48,192,28000
Standard_F64as_v6,64,256,36000
Standard_F1as_v7,1,4,16000
Standard_F2as_v7,2,8,16000
Standard_F4as_v7,4,16,25000
Standard_F8as_v7,8,32,25000
Standard_F16as_v7,16,64,25000
Standard_F32as_v7,32,128,45000
Standard_F48as_v7,48,192,70000
Standard_F64as_v7,64,256,75000
Standard_F80as_v7,80,320,80000
Standard_F2s_v2,2,4,5000
Standard_F4s_v2,4,8,10000
Standard_F8s_v2,8,16,12500
Standard_F16s_v2,16,32,12500
Standard_F32s_v2,32,64,16000
Standard_F48s_v2,48,96,21000
Standard_F64s_v2,64,128,28000
Standard_F72s_v2,72,144,30000
Standard_FX4mds,4,84,4000
Standard_FX12mds,12,252,8000
Standard_FX24mds,24,504,16000
Standard_FX36mds,36,756,24000
Standard_FX48mds,48,1008,32000
Standard_FX2mds_v2,2,42,12500
Standard_FX4mds_v2,4,84,25000
Standard_FX8mds_v2,8,168,25000
Standard_FX12mds_v2,12,252,25000
Standard_FX16mds_v2,16,336,25000
Standard_FX24mds_v2,24,504,50000
Standard_FX32mds_v2,32,672,50000
Standard_FX48mds_v2,48,1008,50000
Standard_FX64mds_v2,64,1344,50000
Standard_FX96mds_v2,96,1832,70000
Standard_FX2ms_v2,2,42,12500
Standard_FX4ms_v2,4,84,25000
Standard_FX8ms_v2,8,168,25000
Standard_FX12ms_v2,12,252,25000
Standard_FX16ms_v2,16,336,25000
Standard_FX24ms_v2,24,504,50000
Standard_FX32ms_v2,32,672,50000
Standard_FX48ms_v2,48,1008,50000
Standard_FX64ms_v2,64,1344,50000
Standard_FX96ms_v2,96,1832,70000
Standard_NP10s,10,64,7500
Standard_NP20s,20,128,15000
Standard_NP40s,40,256,30000
Standard_A1_v2,1,2,250
Standard_A2_v2,2,4,500
Standard_A4_v2,4,8,1000
Standard_A8_v2,8,16,2000
Standard_A2m_v2,2,16,500
Standard_A4m_v2,4,32,1000
Standard_A8m_v2,8,64,2000
Standard_B2ats_v2,2,1,6250
Standard_B2als_v2,2,4,6250
Standard_B2as_v2,2,8,6250
Standard_B4als_v2,4,8,6250
Standard_B4as_v2,4,16,6250
Standard_B8als_v2,8,16,6250
Standard_B8as_v2,8,32,6250
Standard_B16als_v2,16,32,6250
Standard_B16as_v2,16,64,6250
Standard_B32als_v2,32,64,6250
Standard_B32as_v2,32,128,6250
Standard_B2pts_v2,2,1,6250
Standard_B2pls_v2,2,4,6250
Standard_B2ps_v2,2,8,6250
Standard_B4pls_v2,4,8,6250
Standard_B4ps_v2,4,16,6250
Standard_B8pls_v2,8,16,6250
Standard_B8ps_v2,8,32,6250
Standard_B16pls_v2,16,32,6250
Standard_B16ps_v2,16,64,6250
Standard_B2ts_v2,2,1,6250
Standard_B2ls_v2,2,4,6250
Standard_B2s_v2,2,8,6250
Standard_B4ls_v2,4,8,6250
Standard_B4s_v2,4,16,6250
Standard_B8ls_v2,8,16,6250
Standard_B8s_v2,8,32,6250
Standard_B16ls_v2,16,32,6250
Standard_B16s_v2,16,64,6250
Standard_B32ls_v2,32,64,6250
Standard_B32s_v2,32,128,6250
Standard_D2ads_v5,2,8,12500
Standard_D4ads_v5,4,16,12500
Standard_D8ads_v5,8,32,12500
Standard_D16ads_v5,16,64,12500
Standard_D32ads_v5,32,128,16000
Standard_D48ads_v5,48,192,24000
Standard_D64ads_v5,64,256,32000
Standard_D96ads_v5,96,384,40000
Standard_D2ads_v6,2,8,12500
Standard_D4ads_v6,4,16,12500
Standard_D8ads_v6,8,32,12500
Standard_D16ads_v6,16,64,16000
Standard_D32ads_v6,32,128,20000
Standard_D48ads_v6,48,192,28000
Standard_D64ads_v6,64,256,36000
Standard_D96ads_v6,96,384,40000
Standard_D2ads_v7,2,8,16000
Standard_D4ads_v7,4,16,16000
Standard_D8ads_v7,8,32,25000
Standard_D16ads_v7,16,64,25000
Standard_D32ads_v7,32,128,25000
Standard_D48ads_v7,48,192,35000
Standard_D64ads_v7,64,256,45000
Standard_D96ads_v7,96,384,70000
Standard_D128ads_v7,128,512,75000
Standard_D160ads_v7,160,640,80000
Standard_D2alds_v6,2,4,12500
Standard_D4alds_v6,4,8,12500
Standard_D8alds_v6,8,16,12500
Standard_D16alds_v6,16,32,16000
Standard_D32alds_v6,32,64,20000
Standard_D48alds_v6,48,96,28000
Standard_D64alds_v6,64,128,36000
Standard_D96alds_v6,96,192,40000
Standard_D2alds_v7,2,4,16000
Standard_D4alds_v7,4,8,16000
Standard_D8alds_v7,8,16,25000
Standard_D16alds_v7,16,32,25000
Standard_D32alds_v7,32,64,25000
Standard_D48alds_v7,48,96,35000
Standard_D64alds_v7,64,128,45000
Standard_D96alds_v7,96,192,70000
Standard_D128alds_v7,128,256,75000
Standard_D160alds_v7,160,320,80000
Standard_D2als_v6,2,4,12500
Standard_D4als_v6,4,8,12500
Standard_D8als_v6,8,16,12500
Standard_D16als_v6,16,32,16000
Standard_D32als_v6,32,64,20000
Standard_D48als_v6,48,96,28000
Standard_D64als_v6,64,128,36000
Standard_D96als_v6,96,192,40000
Standard_D2als_v7,2,4,16000
Standard_D4als_v7,4,8,16000
Standard_D8als_v7,8,16,25000
Standard_D16als_v7,16,32,25000
Standard_D32als_v7,32,64,25000
Standard_D48als_v7,48,96,35000
Standard_D64als_v7,64,128,45000
Standard_D96als_v7,96,192,70000
Standard_D128als_v7,128,256,75000
Standard_D160als_v7,160,320,80000
Standard_D2as_v4,2,8,2000
Standard_D4as_v4,4,16,4000
Standard_D8as_v4,8,32,8000
Standard_D16as_v4,16,64,10000
Standard_D32as_v4,32,128,16000
Standard_D48as_v4,48,192,24000
Standard_D64as_v4,64,256,32000
Standard_D96as_v4,96,384,40000
Standard_D2as_v5,2,8,12500
Standard_D4as_v5,4,16,12500
Standard_D8as_v5,8,32,12500
Standard_D16as_v5,16,64,12500
Standard_D32as_v5,32,128,16000
Standard_D48as_v5,48,192,24000
Standard_D64as_v5,64,256,32000
Standard_D96as_v5,96,384,40000
Standard_D2as_v6,2,8,12500
Standard_D4as_v6,4,16,12500
Standard_D8as_v6,8,32,12500
Standard_D16as_v6,16,64,16000
Standard_D32as_v6,32,128,20000
Standard_D48as_v6,48,192,28000
Standard_D64as_v6,64,256,36000
Standard_D96as_v6,96,384,40000
Standard_D2as_v7,2,8,16000
Standard_D4as_v7,4,16,16000
Standard_D8as_v7,8,32,25000
Standard_D16as_v7,16,64,25000
Standard_D32as_v7,32,128,25000
Standard_D48as_v7,48,192,35000
Standard_D64as_v7,64,256,45000
Standard_D96as_v7,96,384,70000
Standard_D128as_v7,128,512,75000
Standard_D160as_v7,160,640,80000
Standard_D2a_v4,2,8,2000
Standard_D4a_v4,4,16,4000
Standard_D8a_v4,8,32,8000
Standard_D16a_v4,16,64,10000
Standard_D32a_v4,32,128,16000
Standard_D48a_v4,48,192,24000
Standard_D64a_v4,64,256,32000
Standard_D96a_v4,96,384,40000
Standard_DC2ads_v5,2,8,3000
Standard_DC4ads_v5,4,16,5000
Standard_DC8ads_v5,8,32,5000
Standard_DC16ads_v5,16,64,10000
Standard_DC32ads_v5,32,128,12500
Standard_DC48ads_v5,48,192,15000
Standard_DC64ads_v5,64,256,20000
Standard_DC96ads_v5,96,384,20000
Standard_DC2ads_v6,2,8,12500
Standard_DC4ads_v6,4,16,12500
Standard_DC8ads_v6,8,32,12500
Standard_DC16ads_v6,16,64,12500
Standard_DC32ads_v6,32,128,16000
Standard_DC48ads_v6,48,192,24000
Standard_DC64ads_v6,64,256,30000
Standard_DC96ads_v6,96,384,34000
Standard_DC2as_v5,2,8,3000
Standard_DC4as_v5,4,16,5000
Standard_DC8as_v5,8,32,5000
Standard_DC16as_v5,16,64,10000
Standard_DC32as_v5,32,128,12500
Standard_DC48as_v5,48,192,15000
Standard_DC64as_v5,64,256,20000
Standard_DC96as_v5,96,384,20000
Standard_DC2as_v6,2,8,12500
Standard_DC4as_v6,4,16,12500
Standard_DC8as_v6,8,32,12500
Standard_DC16as_v6,16,64,12500
Standard_DC32as_v6,32,128,16000
Standard_DC48as_v6,48,192,24000
Standard_DC64as_v6,64,256,30000
Standard_DC96as_v6,96,384,34000
Standard_DC2eds_v6,2,8,7000
Standard_DC4eds_v6,4,16,7000
Standard_DC8eds_v6,8,32,7000
Standard_DC16eds_v6,16,64,7000
Standard_DC32eds_v6,32,128,9000
Standard_DC48eds_v6,48,192,12500
Standard_DC64eds_v6,64,256,25000
Standard_DC96eds_v6,96,384,30000
Standard_DC128eds_v6,128,512,40000
Standard_DC2es_v6,2,8,12500
Standard_DC4es_v6,4,16,12500
Standard_DC8es_v6,8,32,12500
Standard_DC16es_v6,16,64,12500
Standard_DC32es_v6,32,128,16000
Standard_DC48es_v6,48,192,24000
Standard_DC64es_v6,64,256,30000
Standard_DC96es_v6,96,384,41000
Standard_DC128es_v6,128,512,54000
Standard_D2ds_v4,2,8,5000
Standard_D4ds_v4,4,16,10000
Standard_D8ds_v4,8,32,12500
Standard_D16ds_v4,16,64,12500
Standard_D32ds_v4,32,128,16000
Standard_D48ds_v4,48,192,24000
Standard_D64ds_v4,64,256,30000
Standard_D2ds_v5,2,8,12500
Standard_D4ds_v5,4,16,12500
Standard_D8ds_v5,8,32,12500
Standard_D16ds_v5,16,64,12500
Standard_D32ds_v5,32,128,16000
Standard_D48ds_v5,48,192,24000
Standard_D64ds_v5,64,256,30000
Standard_D96ds_v5,96,384,35000
Standard_D2ds_v6,2,8,12500
Standard_D4ds_v6,4,16,12500
Standard_D8ds_v6,8,32,12500
Standard_D16ds_v6,16,64,12500
Standard_D32ds_v6,32,128,16000
Standard_D48ds_v6,48,192,24000
Standard_D64ds_v6,64,256,30000
Standard_D96ds_v6,96,384,41000
Standard_D128ds_v6,128,512,54000
Standard_D192ds_v6,192,768,82000
Standard_D2ds_v7,2,8,16000
Standard_D4ds_v7,4,16,25000
Standard_D8ds_v7,8,32,25000
Standard_D16ds_v7,16,64,25000
Standard_D32ds_v7,32,128,25000
Standard_D48ds_v7,48,192,35000
Standard_D64ds_v7,64,256,45000
Standard_D96ds_v7,96,384,70000
Standard_D128ds_v7,128,512,85000
Standard_D192ds_v7,192,768,100000
Standard_D248ds_v7,248,992,150000
Standard_D372ds_v7,372,1488,200000
Standard_D2d_v4,2,8,5000
Standard_D4d_v4,4,16,10000
Standard_D8d_v4,8,32,12500
Standard_D16d_v4,16,64,12500
Standard_D32d_v4,32,128,16000
Standard_D48d_v4,48,192,24000
Standard_D64d_v4,64,256,30000
Standard_D2d_v5,2,8,12500
Standard_D4d_v5,4,16,12500
Standard_D8d_v5,8,32,12500
Standard_D16d_v5,16,64,12500
Standard_D32d_v5,32,128,16000
Standard_D48d_v5,48,192,24000
Standard_D64d_v5,64,256,30000
Standard_D96d_v5,96,384,35000
Standard_D2lds_v5,2,4,12500
Standard_D4lds_v5,4,8,12500
Standard_D8lds_v5,8,16,12500
Standard_D16lds_v5,16,32,12500
Standard_D32lds_v5,32,64,16000
Standard_D48lds_v5,48,96,24000
Standard_D64lds_v5,64,128,30000
Standard_D96lds_v5,96,192,35000
Standard_D2lds_v6,2,4,12500
Standard_D4lds_v6,4,8,12500
Standard_D8lds_v6,8,16,12500
Standard_D16lds_v6,16,32,12500
Standard_D32lds_v6,32,64,16000
Standard_D48lds_v6,48,96,24000
Standard_D64lds_v6,64,128,30000
Standard_D96lds_v6,96,192,41000
Standard_D128lds_v6,128,256,54000
Standard_D2lds_v7,2,4,16000
Standard_D4lds_v7,4,8,25000
Standard_D8lds_v7,8,16,25000
Standard_D16lds_v7,16,32,25000
Standard_D32lds_v7,32,64,25000
Standard_D48lds_v7,48,96,35000
Standard_D64lds_v7,64,126,45000
Standard_D96lds_v7,96,384,70000
Standard_D128lds_v7,128,256,85000
Standard_D192lds_v7,192,384,100000
Standard_D248lds_v7,248,496,150000
Standard_D2ls_v5,2,4,12500
Standard_D4ls_v5,4,8,12500
Standard_D8ls_v5,8,16,12500
Standard_D16ls_v5,16,32,12500
Standard_D32ls_v5,32,64,16000
Standard_D48ls_v5,48,96,24000
Standard_D64ls_v5,64,128,30000
Standard_D96ls_v5,96,192,35000
Standard_D2ls_v6,2,4,12500
Standard_D4ls_v6,4,8,12500
Standard_D8ls_v6,8,16,12500
Standard_D16ls_v6,16,32,12500
Standard_D32ls_v6,32,64,16000
Standard_D48ls_v6,48,96,24000
Standard_D64ls_v6,64,128,30000
Standard_D96ls_v6,96,192,41000
Standard_D128ls_v6,128,256,54000
Standard_D2ls_v7,2,4,16000
Standard_D4ls_v7,4,8,25000
Standard_D8ls_v7,8,16,25000
Standard_D16ls_v7,16,32,25000
Standard_D32ls_v7,32,64,25000
Standard_D48ls_v7,48,96,35000
Standard_D64ls_v7,64,126,45000
Standard_D96ls_v7,96,384,70000
Standard_D128ls_v7,128,256,85000
Standard_D192ls_v7,192,384,100000
Standard_D248ls_v7,248,496,150000
Standard_D2pds_v5,2,8,12500
Standard_D4pds_v5,4,16,12500
Standard_D8pds_v5,8,32,12500
Standard_D16pds_v5,16,64,12500
Standard_D32pds_v5,32,128,16000
Standard_D48pds_v5,48,192,24000
Standard_D64pds_v5,64,208,40000
Standard_D2pds_v6,2,8,12500
Standard_D4pds_v6,4,16,12500
Standard_D8pds_v6,8,32,15000
Standard_D16pds_v6,16,64,15000
Standard_D32pds_v6,32,128,20000
Standard_D48pds_v6,48,192,30000
Standard_D64pds_v6,64,256,40000
Standard_D96pds_v6,96,384,60000
Standard_D2plds_v5,2,4,12500
Standard_D4plds_v5,4,8,12500
Standard_D8plds_v5,8,16,12500
Standard_D16plds_v5,16,32,12500
Standard_D32plds_v5,32,64,16000
Standard_D48plds_v5,48,96,24000
Standard_D64plds_v5,64,128,40000
Standard_D2plds_v6,2,4,12500
Standard_D4plds_v6,4,8,12500
Standard_D8plds_v6,8,16,15000
Standard_D16plds_v6,16,32,15000
Standard_D32plds_v6,32,64,20000
Standard_D48plds_v6,48,96,30000
Standard_D64plds_v6,64,128,40000
Standard_D96plds_v6,96,192,60000
Standard_D2pls_v5,2,4,12500
Standard_D4pls_v5,4,8,12500
Standard_D8pls_v5,8,16,12500
Standard_D16pls_v5,16,32,12500
Standard_D32pls_v5,32,64,16000
Standard_D48pls_v5,48,96,24000
Standard_D64pls_v5,64,128,40000
Standard_D2pls_v6,2,4,12500
Standard_D4pls_v6,4,8,12500
Standard_D8pls_v6,8,16,15000
Standard_D16pls_v6,16,32,15000
Standard_D32pls_v6,32,64,20000
Standard_D48pls_v6,48,96,30000
Standard_D64pls_v6,64,128,40000
Standard_D96pls_v6,96,192,60000
Standard_D2ps_v5,2,8,12500
Standard_D4ps_v5,4,16,12500
Standard_D8ps_v5,8,32,12500
Standard_D16ps_v5,16,64,12500
Standard_D32ps_v5,32,128,16000
Standard_D48ps_v5,48,192,24000
Standard_D64ps_v5,64,208,40000
Standard_D2ps_v6,2,8,12500
Standard_D4ps_v6,4,16,12500
Standard_D8ps_v6,8,32,15000
Standard_D16ps_v6,16,64,15000
Standard_D32ps_v6,32,128,20000
Standard_D48ps_v6,48,192,30000
Standard_D64ps_v6,64,256,40000
Standard_D96ps_v6,96,384,60000
Standard_DS1_v2,1,3,750
Standard_DS2_v2,2,7,1500
Standard_DS3_v2,4,14,3000
Standard_DS4_v2,8,28,6000
Standard_DS5_v2,16,56,12000
Standard_D2s_v3,2,8,1000
Standard_D4s_v3,4,16,2000
Standard_D8s_v3,8,32,2000
Standard_D16s_v3,16,64,2000
Standard_D32s_v3,32,128,16000
Standard_D48s_v3,48,192,24000
Standard_D64s_v3,64,256,30000
Standard_D2s_v4,2,8,5000
Standard_D4s_v4,4,16,10000
Standard_D8s_v4,8,32,12500
Standard_D16s_v4,16,64,12500
Standard_D32s_v4,32,128,16000
Standard_D48s_v4,48,192,24000
Standard_D64s_v4,64,256,30000
Standard_D2s_v5,2,8,12500
Standard_D4s_v5,4,16,12500
Standard_D8s_v5,8,32,12500
Standard_D16s_v5,16,64,12500
Standard_D32s_v5,32,128,16000
Standard_D48s_v5,48,192,24000
Standard_D64s_v5,64,256,30000
Standard_D96s_v5,96,384,35000
Standard_D2s_v6,2,8,12500
Standard_D4s_v6,4,16,12500
Standard_D8s_v6,8,32,12500
Standard_D16s_v6,16,64,12500
Standard_D32s_v6,32,128,16000
Standard_D48s_v6,48,192,24000
Standard_D64s_v6,64,256,30000
Standard_D96s_v6,96,384,41000
Standard_D128s_v6,128,512,54000
Standard_D192s_v6,192,768,82000
Standard_D2s_v7,2,8,16000
Standard_D4s_v7,4,16,25000
Standard_D8s_v7,8,32,25000
Standard_D16s_v7,16,64,25000
Standard_D32s_v7,32,128,25000
Standard_D48s_v7,48,192,35000
Standard_D64s_v7,64,256,45000
Standard_D96s_v7,96,384,70000
Standard_D128s_v7,128,512,85000
Standard_D192s_v7,192,768,100000
Standard_D248s_v7,248,992,150000
Standard_D372s_v7,372,1488,200000
Standard_D1_v2,1,3,750
Standard_D2_v2,2,7,1500
Standard_D3_v2,4,14,3000
Standard_D4_v2,8,28,6000
Standard_D5_v2,16,56,12000
Standard_D2_v3,2,8,1000
Standard_D4_v3,4,16,2000
Standard_D8_v3,8,32,2000
Standard_D16_v3,16,64,2000
Standard_D32_v3,32,128,16000
Standard_D48_v3,48,192,24000
Standard_D64_v3,64,256,30000
Standard_D2_v4,2,8,5000
Standard_D4_v4,4,16,10000
Standard_D8_v4,8,32,12500
Standard_D16_v4,16,64,12500
Standard_D32_v4,32,128,16000
Standard_D48_v4,48,192,24000
Standard_D64_v4,64,256,30000
Standard_D2_v5,2,8,12500
Standard_D4_v5,4,16,12500
Standard_D8_v5,8,32,12500
Standard_D16_v5,16,64,12500
Standard_D32_v5,32,128,16000
Standard_D48_v5,48,192,24000
Standard_D64_v5,64,256,30000
Standard_D96_v5,96,384,35000
Standard_NC36ds_xl_RTXPRO6000BSE_v6,36,24,22500
Standard_NC72ds_xl_RTXPRO6000BSE_v6,72,48,45000
Standard_NC144ds_xl_RTXPRO6000BSE_v6,144,96,90000
Standard_NC288ds_xl_RTXPRO6000BSE_v6,288,192,180000
Standard_NC24lds_xl_RTXPRO6000BSE_v6,24,24,22500
Standard_NC36lds_xl_RTXPRO6000BSE_v6,36,24,22500
Standard_NC72lds_xl_RTXPRO6000BSE_v6,72,48,45000
Standard_NC144lds_xl_RTXPRO6000BSE_v6,144,96,90000
Standard_NC288lds_xl_RTXPRO6000BSE_v6,288,192,180000
Standard_D2nds_v6,2,8,25000
Standard_D4nds_v6,4,16,30000
Standard_D8nds_v6,8,32,40000
Standard_D16nds_v6,16,64,50000
Standard_D32nds_v6,32,128,50000
Standard_D48nds_v6,48,192,75000
Standard_D64nds_v6,64,256,100000
Standard_D96nds_v6,96,384,150000
Standard_D128nds_v6,128,512,200000
Standard_D2nlds_v6,2,4,25000
Standard_D4nlds_v6,4,8,30000
Standard_D8nlds_v6,8,16,40000
Standard_D16nlds_v6,16,32,50000
Standard_D32nlds_v6,32,64,50000
Standard_D48nlds_v6,48,96,75000
Standard_D64nlds_v6,64,128,100000
Standard_D96nlds_v6,96,192,150000
Standard_D128nlds_v6,128,256,200000
Standard_D2nls_v6,2,4,25000
Standard_D4nls_v6,4,8,30000
Standard_D8nls_v6,8,16,40000
Standard_D16nls_v6,16,32,50000
Standard_D32nls_v6,32,64,50000
Standard_D48nls_v6,48,96,75000
Standard_D64nls_v6,64,128,100000
Standard_D96nls_v6,96,192,150000
Standard_D128nls_v6,128,256,200000
Standard_D2ns_v6,2,8,25000
Standard_D4ns_v6,4,16,30000
Standard_D8ns_v6,8,32,40000
Standard_D16ns_v6,16,64,50000
Standard_D32ns_v6,32,128,50000
Standard_D48ns_v6,48,192,75000
Standard_D64ns_v6,64,256,100000
Standard_D96ns_v6,96,384,150000
Standard_D128ns_v6,128,512,200000
Standard_E2ads_v5,2,16,12500
Standard_E4ads_v5,4,32,12500
Standard_E8ads_v5,8,64,12500
Standard_E16ads_v5,16,128,12500
Standard_E20ads_v5,20,160,12500
Standard_E32ads_v5,32,256,16000
Standard_E48ads_v5,48,384,24000
Standard_E64ads_v5,64,512,32000
Standard_E96ads_v5,96,672,40000
Standard_E112iads_v5,112,672,50000
Standard_E2ads_v6,2,16,12500
Standard_E4ads_v6,4,32,12500
Standard_E8ads_v6,8,64,12500
Standard_E16ads_v6,16,128,16000
Standard_E20ads_v6,20,160,16000
Standard_E32ads_v6,32,256,20000
Standard_E48ads_v6,48,384,28000
Standard_E64ads_v6,64,512,36000
Standard_E96ads_v6,96,672,40000
Standard_E2ads_v7,2,16,16000
Standard_E4ads_v7,4,32,16000
Standard_E8ads_v7,8,64,25000
Standard_E16ads_v7,16,128,25000
Standard_E32ads_v7,32,256,25000
Standard_E48ads_v7,48,384,35000
Standard_E64ads_v7,64,512,45000
Standard_E96ads_v7,96,768,70000
Standard_E128ads_v7,128,1024,75000
Standard_E160ads_v7,160,1280,80000
Standard_E2as_v4,2,16,2000
Standard_E4as_v4,4,32,4000
Standard_E8as_v4,8,64,8000
Standard_E16as_v4,16,128,10000
Standard_E20as_v4,20,160,12000
Standard_E32as_v4,32,256,16000
Standard_E48as_v4,48,384,24000
Standard_E64as_v4,64,512,32000
Standard_E96as_v4,96,672,32000
Standard_E2as_v5,2,16,12500
Standard_E4as_v5,4,32,12500
Standard_E8as_v5,8,64,12500
Standard_E16as_v5,16,128,12500
Standard_E20as_v5,20,160,12500
Standard_E32as_v5,32,256,16000
Standard_E48as_v5,48,384,24000
Standard_E64as_v5,64,512,32000
Standard_E96as_v5,96,672,40000
Standard_E112ias_v5,112,672,50000
Standard_E2as_v6,2,16,12500
Standard_E4as_v6,4,32,12500
Standard_E8as_v6,8,64,12500
Standard_E16as_v6,16,128,16000
Standard_E20as_v6,20,160,16000
Standard_E32as_v6,32,256,20000
Standard_E48as_v6,48,384,28000
Standard_E64as_v6,64,512,36000
Standard_E96as_v6,96,672,40000
Standard_E2as_v7,2,16,16000
Standard_E4as_v7,4,32,16000
Standard_E8as_v7,8,64,25000
Standard_E16as_v7,16,128,25000
Standard_E32as_v7,32,256,25000
Standard_E48as_v7,48,384,35000
Standard_E64as_v7,64,512,45000
Standard_E96as_v7,96,768,70000
Standard_E128as_v7,128,1024,75000
Standard_E160as_v7,160,1280,80000
Standard_E2a_v4,2,16,2000
Standard_E4a_v4,4,32,4000
Standard_E8a_v4,8,64,8000
Standard_E16a_v4,16,128,10000
Standard_E20a_v4,20,160,12000
Standard_E32a_v4,32,256,16000
Standard_E48a_v4,48,384,24000
Standard_E64a_v4,64,512,32000
Standard_E96a_v4,96,672,32000
Standard_E2bds_v6,2,16,12500
Standard_E4bds_v6,4,32,12500
Standard_E8bds_v6,8,64,12500
Standard_E16bds_v6,16,128,12500
Standard_E32bds_v6,32,256,16000
Standard_E48bds_v6,48,384,24000
Standard_E64bds_v6,64,512,30000
Standard_E96bds_v6,96,768,41000
Standard_E128bds_v6,128,1024,54000
Standard_E192ibds_v6,192,1832,200000
Standard_E2bs_v6,2,16,12500
Standard_E4bs_v6,4,32,12500
Standard_E8bs_v6,8,64,12500
Standard_E16bs_v6,16,128,12500
Standard_E32bs_v6,32,256,16000
Standard_E48bs_v6,48,384,24000
Standard_E64bs_v6,64,512,30000
Standard_E96bs_v6,96,768,41000
Standard_E128bs_v6,128,1024,54000
Standard_E192ibs_v6,192,1832,200000
Standard_EC2ads_v6,2,16,12500
Standard_EC4ads_v6,4,32,12500
Standard_EC8ads_v6,8,64,12500
Standard_EC16ads_v6,16,128,12500
Standard_EC32ads_v6,32,256,16000
Standard_EC48ads_v6,48,384,24000
Standard_EC64ads_v6,64,512,30000
Standard_EC96ads_v6,96,672,34000
Standard_EC2as_v6,2,16,12500
Standard_EC4as_v6,4,32,12500
Standard_EC8as_v6,8,64,12500
Standard_EC16as_v6,16,128,12500
Standard_EC32as_v6,32,256,16000
Standard_EC48as_v6,48,384,24000
Standard_EC64as_v6,64,512,30000
Standard_EC96as_v6,96,672,34000
Standard_E2ds_v4,2,16,5000
Standard_E4ds_v4,4,32,10000
Standard_E8ds_v4,8,64,12500
Standard_E16ds_v4,16,128,12500
Standard_E20ds_v4,20,160,16000
Standard_E32ds_v4,32,256,16000
Standard_E48ds_v4,48,384,24000
Standard_E64ds_v4,64,504,30000
Standard_E80ids_v4,80,504,30000
Standard_E2ds_v5,2,16,12500
Standard_E4ds_v5,4,32,12500
Standard_E8ds_v5,8,64,12500
Standard_E16ds_v5,16,128,12500
Standard_E20ds_v5,20,160,12500
Standard_E32ds_v5,32,256,16000
Standard_E48ds_v5,48,384,24000
Standard_E64ds_v5,64,512,30000
Standard_E96ds_v5,96,672,35000
Standard_E104ids_v5,104,672,100000
Standard_E2ds_v6,2,16,12500
Standard_E4ds_v6,4,32,12500
Standard_E8ds_v6,8,64,12500
Standard_E16ds_v6,16,128,12500
Standard_E20ds_v6,20,160,12500
Standard_E32ds_v6,32,256,16000
Standard_E48ds_v6,48,384,24000
Standard_E64ds_v6,64,512,30000
Standard_E96ds_v6,96,768,41000
Standard_E128ds_v6,128,1024,54000
Standard_E192ids_v6,192,1832,200000
Standard_E2ds_v7,2,16,16000
Standard_E4ds_v7,4,32,25000
Standard_E8ds_v7,8,64,25000
Standard_E16ds_v7,16,128,25000
Standard_E20ds_v7,20,160,25000
Standard_E32ds_v7,32,256,25000
Standard_E48ds_v7,48,384,35000
Standard_E64ds_v7,64,512,45000
Standard_E96ds_v7,96,768,70000
Standard_E128ds_v7,128,1024,85000
Standard_E192ds_v7,192,1536,100000
Standard_E248ds_v7,248,1888,150000
Standard_E372ids_v7,372,2832,400000
Standard_E2d_v4,2,16,5000
Standard_E4d_v4,4,32,10000
Standard_E8d_v4,8,64,12500
Standard_E16d_v4,16,128,12500
Standard_E20d_v4,20,160,16000
Standard_E32d_v4,32,256,16000
Standard_E48d_v4,48,384,24000
Standard_E64d_v4,64,504,30000
Standard_E2d_v5,2,16,12500
Standard_E4d_v5,4,32,12500
Standard_E8d_v5,8,64,12500
Standard_E16d_v5,16,128,12500
Standard_E20d_v5,20,160,12500
Standard_E32d_v5,32,256,16000
Standard_E48d_v5,48,384,24000
Standard_E64d_v5,64,512,30000
Standard_E96d_v5,96,672,35000
Standard_E104id_v52,104,672,100000
Standard_E2nds_v6,2,16,25000
Standard_E4nds_v6,4,32,30000
Standard_E8nds_v6,8,64,40000
Standard_E16nds_v6,16,128,50000
Standard_E32nds_v6,32,256,50000
Standard_E48nds_v6,48,384,75000
Standard_E64nds_v6,64,512,100000
Standard_E96nds_v6,96,768,150000
Standard_E128nds_v6,128,1024,200000
Standard_E2ns_v6,2,16,25000
Standard_E4ns_v6,4,32,30000
Standard_E8ns_v6,8,64,40000
Standard_E16ns_v6,16,128,50000
Standard_E32ns_v6,32,256,50000
Standard_E48ns_v6,48,384,75000
Standard_E64ns_v6,64,512,100000
Standard_E96ns_v6,96,768,150000
Standard_E128ns_v6,128,1024,200000
Standard_E2pds_v5,2,16,12500
Standard_E4pds_v5,4,32,12500
Standard_E8pds_v5,8,64,12500
Standard_E16pds_v5,16,128,12500
Standard_E20pds_v5,20,160,12500
Standard_E32pds_v5,32,208,16000
Standard_E2pds_v6,2,16,12500
Standard_E4pds_v6,4,32,12500
Standard_E8pds_v6,8,64,15000
Standard_E16pds_v6,16,128,15000
Standard_E32pds_v6,32,256,20000
Standard_E48pds_v6,48,384,30000
Standard_E64pds_v6,64,512,40000
Standard_E96pds_v6,96,672,60000
Standard_E2ps_v5,2,16,12500
Standard_E4ps_v5,4,32,12500
Standard_E8ps_v5,8,64,12500
Standard_E16ps_v5,16,128,12500
Standard_E20ps_v5,20,160,12500
Standard_E32ps_v5,32,208,16000
Standard_E2ps_v6,2,16,12500
Standard_E4ps_v6,4,32,12500
Standard_E8ps_v6,8,64,15000
Standard_E16ps_v6,16,128,15000
Standard_E32ps_v6,32,256,20000
Standard_E48ps_v6,48,384,30000
Standard_E64ps_v6,64,512,40000
Standard_E96ps_v6,96,672,60000
Standard_E2s_v4,2,16,5000
Standard_E4s_v4,4,32,10000
Standard_E8s_v4,8,64,12500
Standard_E16s_v4,16,128,12500
Standard_E20s_v4,20,160,10000
Standard_E32s_v4,32,256,16000
Standard_E48s_v4,48,384,24000
Standard_E64s_v4,64,504,30000
Standard_E80is_v4,80,504,30000
Standard_E2s_v5,2,16,12500
Standard_E4s_v5,4,32,12500
Standard_E8s_v5,8,64,12500
Standard_E16s_v5,16,128,12500
Standard_E20s_v5,20,160,12500
Standard_E32s_v5,32,256,16000
Standard_E48s_v5,48,384,24000
Standard_E64s_v5,64,512,30000
Standard_E96s_v5,96,672,35000
Standard_E104is_v5,104,672,100000
Standard_E2s_v6,2,16,12500
Standard_E4s_v6,4,32,12500
Standard_E8s_v6,8,64,12500
Standard_E16s_v6,16,128,12500
Standard_E20s_v6,20,160,12500
Standard_E32s_v6,32,256,16000
Standard_E48s_v6,48,384,24000
Standard_E64s_v6,64,512,30000
Standard_E96s_v6,96,768,41000
Standard_E128s_v6,128,1024,54000
Standard_E192is_v6,192,1832,200000
Standard_E2s_v7,2,16,16000
Standard_E4s_v7,4,32,25000
Standard_E8s_v7,8,64,25000
Standard_E16s_v7,16,128,25000
Standard_E20s_v7,20,160,25000
Standard_E32s_v7,32,256,25000
Standard_E48s_v7,48,384,35000
Standard_E64s_v7,64,512,45000
Standard_E96s_v7,96,768,70000
Standard_E128s_v7,128,1024,85000
Standard_E192s_v7,192,1536,100000
Standard_E248s_v7,248,1888,150000
Standard_E372is_v7,372,2832,400000
Standard_E2_v3<sup>1</sup>,2,16,1000
Standard_E4_v3,4,32,2000
Standard_E8_v3,8,64,4000
Standard_E16_v3,16,128,8000
Standard_E20_v3,20,160,10000
Standard_E32_v3,32,256,16000
Standard_E48_v3,48,384,24000
Standard_E64_v3,64,432,30000
Standard_E64i_v3 <sup>2</sup>,64,432,30000
4000/32 (50),2,16,1000
8000/64 (100),4,32,2000
16000/128 (200),8,64,4000
32000/256 (400),16,128,8000
40000/320 (400),20,160,10000
64000/512 (800),32,256,16000
96000/768 (1200),48,384,24000
128000/1024 (1600),64,432,30000
Standard_E2_v4,2,16,5000
Standard_E4_v4,4,32,10000
Standard_E8_v4,8,64,12500
Standard_E16_v4,16,128,12500
Standard_E20_v4,20,160,10000
Standard_E32_v4,32,256,16000
Standard_E48_v4,48,384,24000
Standard_E64_v4,64,504,30000
Standard_E2_v5,2,16,12500
Standard_E4_v5,4,32,12500
Standard_E8_v5,8,64,12500
Standard_E16_v5,16,128,12500
Standard_E20_v5,20,160,12500
Standard_E32_v5,32,256,16000
Standard_E48_v5,48,384,24000
Standard_E64_v5,64,512,30000
Standard_E96_v5,96,672,30000
Standard_E104i_v5,104,672,100000
Standard_M8ms,8,218,2000
Standard_M16ms,16,437,4000
Standard_M32ts,32,192,8000
Standard_M32ls,32,256,8000
Standard_M32ms,32,875,8000
Standard_M64s,64,1024,16000
Standard_M64ls,64,512,16000
Standard_M64ms,64,1792,16000
Standard_M128s,128,2048,30000
Standard_M128ms,128,3892,30000
Standard_M64,64,1024,16000
Standard_M64m,64,1792,16000
Standard_M128,128,2048,32000
Standard_M128m,128,3892,32000
Standard_M16bds_v3,16,128,8000
Standard_M32bds_v3,32,256,16000
Standard_M48bds_v3,48,384,16000
Standard_M64bds_v3,64,512,16000
Standard_M96bds_v3,96,768,25000
Standard_M128bds_v3,128,1024,40000
Standard_M176bds_v3,176,1536,50000
Standard_M64bds_1_v3,64,1397,20000
Standard_M96bds_2_v3,96,1946,20000
Standard_M128bds_3_v3,128,2794,40000
Standard_M176bds_4_v3,176,3892,40000
Standard_M16bds_v4,16,128,16000
Standard_M32bds_v4,32,256,16000
Standard_M64bds_v4,64,512,24000
Standard_M96bds_1_v4,96,768,50000
Standard_M128bds_1_v4,128,1024,80000
Standard_M64bds_1_v4,64,1440,24000
Standard_M96bds_2_v4,96,1946,50000
Standard_M256bds_2_v4,256,2048,100000
Standard_M304bds_4_v4,304,3800,100000
Standard_M16bs_v3,16,128,8000
Standard_M32bs_v3,32,256,16000
Standard_M48bs_v3,48,384,16000
Standard_M64bs_v3,64,512,16000
Standard_M96bs_v3,96,768,25000
Standard_M128bs_v3,128,1024,40000
Standard_M176bs_v3,176,1536,50000
Standard_M416bs_v3,416,3800,50000
Standard_M16bs_v4,16,128,16000
Standard_M32bs_v4,32,256,16000
Standard_M48bs_v4,48,384,24000
Standard_M64bs_v4,64,512,24000
Standard_M96bs_1_v4,96,768,50000
Standard_M128bs_1_v4,128,1024,80000
Standard_M256bs_2_v4,256,2048,100000
Standard_M304bs_4_v4,304,3892,100000
Standard_M32dms_v2,32,875,8000
Standard_M64ds_v2,64,1024,16000
Standard_M64dms_v2,64,1792,16000
Standard_M128ds_v2,128,2048,30000
Standard_M128dms_v2,128,3892,30000
Standard_M192ids_v2,192,2048,30000
Standard_M192idms_v2,192,4096,30000
Standard_M416ds_6_v3,416,5696,40000
Standard_M416ds_8_v3,416,7600,40000
Standard_M624ds_12_v3,624,11400,40000
Standard_M832ds_12_v3,832,11400,100000
Standard_M832ids_16_v3,832,15200,100000
Standard_M12ds_v3,12,240,4000
Standard_M24ds_v3,24,480,8000
Standard_M48ds_1_v3,48,974,16000
Standard_M96ds_1_v3,96,974,16000
Standard_M96ds_2_v3,96,1946,30000
Standard_M176ds_3_v3,176,2794,40000
Standard_M176ds_4_v3,176,3892,40000
Standard_M896ixds_32_v3,896,30400,185000
Standard_M896ixds_24_v3,896,23088,185000
Standard_M1792ixds_32_v3,1792,30400,185000
Standard_M32ms_v2,32,875,8000
Standard_M64s_v2,64,1024,16000
Standard_M64ms_v2,64,1792,16000
Standard_M128s_v2,128,2048,30000
Standard_M128ms_v2,128,3892,30000
Standard_M192is_v2,192,2048,30000
Standard_M192ims_v2,192,4096,30000
Standard_M416s_6_v3,416,5696,40000
Standard_M416s_8_v3,416,7600,40000
Standard_M624s_12_v3,624,11400,40000
Standard_M832s_12_v3,832,11400,100000
Standard_M832is_16_v3,832,15200,100000
Standard_M12s_v3,12,240,4000
Standard_M24s_v3,24,480,8000
Standard_M48s_1_v3,48,974,16000
Standard_M96s_1_v3,96,974,16000
Standard_M96s_2_v3,96,1946,30000
Standard_M176s_3_v3,176,2794,40000
Standard_M176s_4_v3,176,3892,40000
Standard_M208s_v2,208,2850,16000
Standard_M208ms_v2,208,5700,16000
Standard_M416s_v2,416,5700,32000
Standard_M416s_8_v2,416,7600,32000
Standard_M416ms_v2,416,11400,32000
Standard_L2aos_v4,2,16,7500
Standard_L4aos_v4,4,32,10000
Standard_L8aos_v4,8,64,12500
Standard_L12aos_v4,12,96,18750
Standard_L16aos_v4,16,128,25000
Standard_L24aos_v4,24,192,37500
Standard_L32aos_v4,32,256,50000
Standard_L8as_v3,8,64,12500
Standard_L16as_v3,16,128,12500
Standard_L32as_v3,32,256,16000
Standard_L48as_v3,48,384,24000
Standard_L64as_v3,64,512,32000
Standard_L80as_v3,80,640,32000
Standard_L2as_v4,2,16,12500
Standard_L4as_v4,4,32,12500
Standard_L8as_v4,8,64,12500
Standard_L16as_v4,16,128,12500
Standard_L32as_v4,32,256,16000
Standard_L48as_v4,48,384,28000
Standard_L64as_v4,64,512,36000
Standard_L80as_v4,80,640,40000
Standard_L96as_v4,96,768,40000
Standard_L8s_v2,8,64,3200
Standard_L16s_v2,16,128,6400
Standard_L32s_v2,32,256,12800
Standard_L48s_v2,48,384,16000
Standard_L64s_v2,64,512,16000
Standard_L80s_v26,80,640,16000
Standard_L8s_v3,8,64,12500
Standard_L16s_v3,16,128,12500
Standard_L32s_v3,32,256,16000
Standard_L48s_v3,48,384,24000
Standard_L64s_v3,64,512,30000
Standard_L80s_v3,80,640,32000
Standard_L2s_v4,2,16,12500
Standard_L4s_v4,4,32,12500
Standard_L8s_v4,8,64,12500
Standard_L16s_v4,16,128,12500
Standard_L32s_v4,32,256,16000
Standard_L48s_v4,48,384,24000
Standard_L64s_v4,64,512,30000
Standard_L80s_v4,80,640,36000
Standard_L96s_v4,96,768,41000
